<!DOCTYPE suite SYSTEM "https://testng.org/testng-1.0.dtd" >
<suite name="ProjectHCM" parallel="false">
    <test name="activities">
        <classes>
            <class name="activities.Activity1" />
            <class name="activities.Activity2" />
            <class name="activities.Activity3" />
            <class name="activities.Activity4" />
            <class name="activities.Activity5" />
            <class name="activities.Activity6" />
            <class name="activities.Activity7" />
            <class name="activities.Activity8" />
            <class name="activities.Activity9" />
        </classes>
    </test>
</suite>